{
	"attributes":
	{
		"id": "assetnum",
		"startM": "startmeasure",
		"endM": "endmeasure"
	},
	"children":
	[
	{
		"id": "specifications",
		"labelControlId": "specifications",
		"class": "psdi.webclient.beans.linear.GroupedNoOverlapChildrenDataSet",
		"dataBeanId": "specifications_datasrc",
		"deferLoading": "true",
		"attributes":
		{
			"id": "assetattrid",
			"startM": "startmeasure",
			"endM": "endmeasure"
		}
	},
	{
		"id": "features",
		"labelControlId": "features",
		"class": "psdi.webclient.beans.linear.Features",
		"dataBeanId": "features_datasrc",
		"deferLoading": "true",
		"attributes":
		{
			"id": "feature",
			"startM": "startmeasure",
			"endM": "endmeasure"
		},
		"children": 
		[
		{
			"id": "specifications",
			"labelControlId": "AssetFeature_specifications_table",
			"labelControlProperty": "parentemptylabel",
			"class": "psdi.webclient.beans.linear.FeatureSpecification",
			"relationship": "ASSETFEATURESPECS",
			"deferLoading": "true",
			"attributes":
			{
				"id": "assetattrid",
				"startM": "startmeasure",
				"endM": "endmeasure"
			}
		}
		]
	},
	{
		"id": "relationships",
		"labelControlId": "relationships",
		"class": "psdi.webclient.beans.linear.GroupedNoOverlapChildrenDataSet",
		"dataBeanId": "relationships_datasrc",
		"deferLoading": "true",
		"attributes":
		{
			"id": "assetrelationnum",
			"startM": "sourcestartmeasure",
			"endM": "sourceendmeasure",
			"startM2": "targetstartmeasure",
			"endM2": "TARGETASSETNUM"
		}
	},
	{
		"id": "work",
		"labelControlId": "work",
		"class": "psdi.webclient.beans.linear.DataSet",
		"deferLoading": "false",
		"children":
		[
		{
			"id": "workorders",
			"labelControlId": "work_tabs_wo",
			"class": "psdi.webclient.beans.linear.WorkOrders",
			"dataBeanId": "workorders_datasrc",
			"deferLoading": "true",
			"attributes":
			{
				"id": "multiid",
				"labelAttr": "recordkey",
				"startM": "startmeasure",
				"endM": "endmeasure"
			},
			"children":
			[ 
			{
				"id": "progress",
				"labelControlId": "work_multiassetloccipr_table",
				"labelAppId": "wotrack",
				"class": "psdi.webclient.beans.linear.ConsolidatingLeafDataSet",
				"relationship": "MULTIASSETLOCCIPR",
				"deferLoading": "false",
				"attributes":
				{
					"id": "changedate",
					"startM": "startmeasure",
					"endM": "endmeasure"
				}
			}]
		},
		{
			"id": "tickets",
			"labelControlId": "work_tabs_tickets",
			"class": "psdi.webclient.beans.linear.GroupedNoOverlapChildrenDataSet",
			"dataBeanId": "tickets_datasrc",
			"deferLoading": "true",
			"attributes":
			{
				"id": "recordkey",
				"startM": "startmeasure",
				"endM": "endmeasure"
			}
		}		
		]
	}
	]
}